,Open,High,Low,Close,Adj Close,Volume
2017-01-12,19926.21094,19929.28906,19770.4707,19891,19891,306290000
2017-01-13,19912.53906,19952.0293,19849.38086,19885.73047,19885.73047,263780000
2017-01-17,19848.82031,19882.99023,19775.34961,19826.76953,19826.76953,341900000
2017-01-18,19822.73047,19828.19922,19739,19804.7207,19804.7207,279760000
2017-01-19,19813.55078,19824.14063,19677.93945,19732.40039,19732.40039,301750000
2017-01-20,19795.06055,19843.93945,19759.14063,19827.25,19827.25,435260000
2017-01-23,19794.78906,19833.98047,19732.35938,19799.84961,19799.84961,326690000
2017-01-24,19794.67969,19949.24023,19786.71094,19912.71094,19912.71094,374460000
2017-01-25,19994.48047,20082,19994.48047,20068.50977,20068.50977,372240000
2017-01-26,20076.25,20125.58008,20067.5293,20100.91016,20100.91016,356730000
2017-01-27,20103.35938,20115.9707,20072.64063,20093.7793,20093.7793,343130000
2017-01-30,20028.61914,20028.61914,19870.39063,19971.13086,19971.13086,317280000
2017-01-31,19913.16016,19918.16992,19784.76953,19864.08984,19864.08984,373750000
2017-02-01,19923.81055,19967.73047,19845.99023,19890.93945,19890.93945,426670000
2017-02-02,19858.33984,19922.75,19831.08984,19884.91016,19884.91016,347220000
2017-02-03,19964.21094,20081.48047,19964.21094,20071.46094,20071.46094,344220000
2017-02-06,20025.60938,20094.94922,20002.81055,20052.41992,20052.41992,281720000
2017-02-07,20107.61914,20155.34961,20068.67969,20090.28906,20090.28906,279670000
2017-02-08,20049.28906,20068.2793,20015.33008,20054.33984,20054.33984,280410000
2017-02-09,20061.73047,20206.35938,20061.73047,20172.40039,20172.40039,325310000
2017-02-10,20211.23047,20298.21094,20204.75977,20269.36914,20269.36914,312230000
2017-02-13,20338.53906,20441.48047,20322.94922,20412.16016,20412.16016,314620000
2017-02-14,20374.2207,20504.41016,20374.01953,20504.41016,20504.41016,356580000
2017-02-15,20504.26953,20620.44922,20496.0293,20611.85938,20611.85938,384380000
2017-02-16,20627.31055,20639.86914,20556.83008,20619.76953,20619.76953,354120000
2017-02-17,20564.13086,20624.05078,20532.60938,20624.05078,20624.05078,340620000
2017-02-21,20663.42969,20757.64063,20663.36914,20743,20743,336880000
2017-02-22,20715.41016,20781.58984,20692.39063,20775.59961,20775.59961,310530000
2017-02-23,20817.21094,20840.69922,20746.41016,20810.32031,20810.32031,302110000
2017-02-24,20751.91016,20821.75977,20733.94922,20821.75977,20821.75977,292540000
2017-02-27,20808.71094,20851.33008,20774.75977,20837.43945,20837.43945,256540000
2017-02-28,20833.88086,20841.24023,20781.21094,20812.24023,20812.24023,339210000
2017-03-01,20957.28906,21169.10938,20957.28906,21115.55078,21115.55078,392820000
2017-03-02,21128.91016,21129.19922,20996.60938,21002.9707,21002.9707,319910000
2017-03-03,21008.75,21039.96094,20953.85938,21005.71094,21005.71094,254420000
2017-03-06,20955.71094,20986.42969,20912.10938,20954.33984,20954.33984,266620000
2017-03-07,20934.89063,20970.53906,20901.25977,20924.75977,20924.75977,274630000
2017-03-08,20940.43945,20951.43945,20835.58008,20855.73047,20855.73047,296780000
2017-03-09,20864.32031,20900.57031,20777.16016,20858.18945,20858.18945,275960000
2017-03-10,20919.00977,20940.28906,20827.66016,20902.98047,20902.98047,315430000
2017-03-13,20899.2793,20926.06055,20845.71094,20881.48047,20881.48047,289260000
2017-03-14,20848.59961,20874,20786.31055,20837.36914,20837.36914,246820000
2017-03-15,20874.7793,20977.4707,20859.59961,20950.09961,20950.09961,306590000
2017-03-16,20969.26953,21000.10938,20893.5,20934.55078,20934.55078,264360000
2017-03-17,20965.36914,20980.50977,20911.07031,20914.61914,20914.61914,535280000
2017-03-20,20916.26953,20955.44922,20885.69922,20905.85938,20905.85938,253610000
2017-03-21,20956.33008,20970.03906,20653.25977,20668.00977,20668.00977,369320000
2017-03-22,20640.41992,20686.21094,20578.94922,20661.30078,20661.30078,325090000
2017-03-23,20645.07031,20757.89063,20618.61914,20656.58008,20656.58008,280050000
2017-03-24,20674.44922,20718.33008,20529.66992,20596.7207,20596.7207,292980000
2017-03-27,20488.34961,20578.46094,20412.80078,20550.98047,20550.98047,269380000
2017-03-28,20542.14063,20735.60938,20520.09961,20701.5,20701.5,299670000
2017-03-29,20675.75,20684.73047,20625.0293,20659.32031,20659.32031,238320000
2017-03-30,20662.78906,20753.7793,20643.59961,20728.49023,20728.49023,270900000
2017-03-31,20700.33984,20722.58984,20660.67969,20663.2207,20663.2207,303770000
2017-04-03,20665.16992,20692.33984,20517.82031,20650.21094,20650.21094,285670000
2017-04-04,20634.93945,20701.28906,20605.30078,20689.24023,20689.24023,237390000
2017-04-05,20745.06055,20887.5,20639.55078,20648.15039,20648.15039,284980000
2017-04-06,20653.76953,20746.46094,20612.16992,20662.94922,20662.94922,251720000
2017-04-07,20647.81055,20726.07031,20606.94922,20656.09961,20656.09961,219730000
2017-04-10,20668.2207,20750.33008,20614.85938,20658.01953,20658.01953,230480000
2017-04-11,20644.32031,20660.0293,20512.56055,20651.30078,20651.30078,255120000
2017-04-12,20637.94922,20642.53906,20553.0293,20591.85938,20591.85938,267670000
2017-04-13,20561.68945,20612.26953,20453.25,20453.25,20453.25,235810000
2017-04-17,20484.75,20644.41016,20484.75,20636.91992,20636.91992,229240000
2017-04-18,20561.39063,20600.11914,20462.2793,20523.2793,20523.2793,263180000
2017-04-19,20503.51953,20546.68945,20379.55078,20404.49023,20404.49023,294790000
2017-04-20,20406.67969,20629.7793,20406.67969,20578.71094,20578.71094,312440000
2017-04-21,20578.09961,20601.40039,20505.33008,20547.75977,20547.75977,369600000
2017-04-24,20723.58984,20792.19922,20723.58984,20763.89063,20763.89063,342400000
2017-04-25,20915.50977,21026.9707,20909.38086,20996.11914,20996.11914,348180000
2017-04-26,21009.94922,21070.90039,20972.26953,20975.08984,20975.08984,328550000
2017-04-27,20991.11914,21005.80078,20935.80078,20981.33008,20981.33008,305690000
2017-04-28,20987.39063,20987.75977,20926.75,20940.50977,20940.50977,329990000
2017-05-01,20962.73047,20976.61914,20898.38086,20913.46094,20913.46094,288160000
2017-05-02,20941.18945,20960.91992,20904.06055,20949.89063,20949.89063,338810000
2017-05-03,20915,20972.74023,20874.17969,20957.90039,20957.90039,310920000
2017-05-04,20987.83008,20990.78906,20847.94922,20951.4707,20951.4707,274720000
2017-05-05,20929.03906,21006.93945,20905,21006.93945,21006.93945,260960000
2017-05-08,20991.25977,21017.89063,20971.05078,21012.2793,21012.2793,276150000
2017-05-09,21022.2793,21046.84961,20938.03906,20975.7793,20975.7793,273000000
2017-05-10,20958.49023,20976.2793,20884.15039,20943.10938,20943.10938,283340000
2017-05-11,20925.7207,20933.35938,20798.90039,20919.41992,20919.41992,287680000
2017-05-12,20893.18945,20916.09961,20869.74023,20896.60938,20896.60938,288500000
2017-05-15,20923.63086,21000.83008,20923.63086,20981.93945,20981.93945,313170000
2017-05-16,20984.48047,21033.5293,20932.88086,20979.75,20979.75,311580000
2017-05-17,20846.16992,20846.16992,20601.08008,20606.92969,20606.92969,423200000
2017-05-18,20579.65039,20759.19922,20553.44922,20663.01953,20663.01953,422590000
2017-05-19,20698.2793,20857.13086,20687.93945,20804.83984,20804.83984,365180000
2017-05-22,20867.76953,20914.25977,20860.16016,20894.83008,20894.83008,276120000
2017-05-23,20908.66992,20961.14063,20896.2207,20937.91016,20937.91016,244950000
2017-05-24,20949.21094,21022.82031,20933.58008,21012.41992,21012.41992,283180000
2017-05-25,21062.96094,21112.32031,21051.41016,21082.94922,21082.94922,268970000
2017-05-26,21070.15039,21092.82031,21050.49023,21080.2793,21080.2793,208000000
2017-05-30,21045.49023,21063.61914,21009.59961,21029.4707,21029.4707,242810000
2017-05-31,21048.46094,21051.69922,20942.57031,21008.65039,21008.65039,371580000
2017-06-01,21030.55078,21144.17969,20994.2207,21144.17969,21144.17969,276730000
2017-06-02,21142.08984,21225.03906,21129.56055,21206.28906,21206.28906,329700000
2017-06-05,21195.0293,21224.41016,21168.68945,21184.03906,21184.03906,269790000
2017-06-06,21145.48047,21180.4707,21118.46094,21136.23047,21136.23047,283550000
2017-06-07,21171.57031,21189.83984,21113.31055,21173.68945,21173.68945,273400000
2017-06-08,21169.75977,21265.68945,21138.16016,21182.5293,21182.5293,330330000
2017-06-09,21208.96094,21305.34961,21159.44922,21271.9707,21271.9707,397200000
2017-06-12,21259.94922,21277.08008,21186.15039,21235.66992,21235.66992,528080000
2017-06-13,21256.83008,21332.76953,21256.83008,21328.4707,21328.4707,323510000
2017-06-14,21342.71094,21391.9707,21294.08984,21374.56055,21374.56055,295090000
2017-06-15,21291.68945,21367.2793,21261.86914,21359.90039,21359.90039,317200000
2017-06-16,21335.92969,21384.41992,21308.00977,21384.2793,21384.2793,603260000
2017-06-19,21444.75,21528.99023,21436.08008,21528.99023,21528.99023,289400000
2017-06-20,21521.25,21535.0293,21464.24023,21467.14063,21467.14063,310200000
2017-06-21,21466.39063,21492.61914,21390,21410.0293,21410.0293,292500000
2017-06-22,21407.98047,21456.4707,21394.81055,21397.28906,21397.28906,270680000
2017-06-23,21380.91992,21421.78906,21333.89063,21394.75977,21394.75977,368400000
2017-06-26,21434.67969,21506.21094,21381.25,21409.55078,21409.55078,241880000
2017-06-27,21411.18945,21440.59961,21310.66016,21310.66016,21310.66016,292170000
2017-06-28,21372.35938,21478.75,21372.35938,21454.60938,21454.60938,271510000
2017-06-29,21487.38086,21487.38086,21197.08008,21287.0293,21287.0293,336750000
2017-06-30,21348.59961,21426.11914,21325.08008,21349.63086,21349.63086,313260000
2017-07-03,21392.30078,21562.75,21391.71094,21479.26953,21479.26953,186810000
2017-07-05,21492.83008,21505.35938,21404.75977,21478.16992,21478.16992,273690000
2017-07-06,21423.92969,21433.09961,21305.38086,21320.03906,21320.03906,320450000
2017-07-07,21354.66016,21425.82031,21350.7207,21414.33984,21414.33984,242240000
2017-07-10,21381.23047,21446.39063,21371.10938,21408.51953,21408.51953,270340000
2017-07-11,21410.16992,21441.61914,21279.30078,21409.07031,21409.07031,247570000
2017-07-12,21467.92969,21580.78906,21467.92969,21532.14063,21532.14063,267870000
2017-07-13,21537.18945,21568.7207,21512.35938,21553.08984,21553.08984,232270000
2017-07-14,21532.76953,21681.5293,21521.7207,21637.74023,21637.74023,235590000
2017-07-17,21633.9707,21661.81055,21617.66016,21629.7207,21629.7207,244780000
2017-07-18,21589.93945,21589.93945,21471.14063,21574.73047,21574.73047,251110000
2017-07-19,21569.25,21640.75,21565.83984,21640.75,21640.75,253040000
2017-07-20,21641.53906,21661.91016,21576.96094,21611.7793,21611.7793,313950000
2017-07-21,21591.7207,21592.60938,21503.7793,21580.07031,21580.07031,362830000
2017-07-24,21577.7793,21577.7793,21496.13086,21513.16992,21513.16992,284080000
2017-07-25,21638.56055,21670.61914,21577.36914,21613.42969,21613.42969,304300000
2017-07-26,21690.38086,21742.69922,21683.28906,21711.00977,21711.00977,278240000
2017-07-27,21717.41992,21798.4707,21687.84961,21796.55078,21796.55078,407320000
2017-07-28,21787.50977,21841.17969,21756.11914,21830.31055,21830.31055,285630000
2017-07-31,21863.39063,21929.80078,21861.71094,21891.11914,21891.11914,307610000
2017-08-01,21961.41992,21990.96094,21940.81055,21963.91992,21963.91992,328410000
2017-08-02,22004.35938,22036.09961,21967.46094,22016.24023,22016.24023,336820000
2017-08-03,22007.58008,22044.84961,21991.32031,22026.09961,22026.09961,278730000
2017-08-04,22058.39063,22092.81055,22024.64063,22092.81055,22092.81055,253640000
2017-08-07,22100.19922,22121.15039,22081.9707,22118.41992,22118.41992,213010000
2017-08-08,22095.14063,22179.10938,22057.28906,22085.33984,22085.33984,262000000
2017-08-09,22022.33984,22057.18945,21996.68945,22048.69922,22048.69922,277800000
2017-08-10,21988.19922,21988.19922,21843.93945,21844.00977,21844.00977,303310000
2017-08-11,21883.32031,21911.08984,21842.74023,21858.32031,21858.32031,237790000
2017-08-14,21945.64063,22019.23047,21945.64063,21993.71094,21993.71094,235030000
2017-08-15,22029.91016,22038.91992,21971.48047,21998.99023,21998.99023,269070000
2017-08-16,22031.92969,22085.71094,22002.4707,22024.86914,22024.86914,264920000
2017-08-17,21984.74023,21984.74023,21750.32031,21750.73047,21750.73047,311030000
2017-08-18,21724.88086,21793.34961,21641.63086,21674.50977,21674.50977,309070000
2017-08-21,21671.35938,21718.74023,21600.33984,21703.75,21703.75,277880000
2017-08-22,21739.7793,21912.83008,21738.13086,21899.89063,21899.89063,244980000
2017-08-23,21850.26953,21866.66016,21808.39063,21812.08984,21812.08984,234810000
2017-08-24,21839.90039,21870.10938,21765.82031,21783.40039,21783.40039,228480000
2017-08-25,21819.08008,21906.85938,21812.81055,21813.66992,21813.66992,217570000
2017-08-28,21832.5,21861.49023,21767.93945,21808.40039,21808.40039,218740000
2017-08-29,21718,21879.2207,21673.58008,21865.36914,21865.36914,227340000
2017-08-30,21859.75977,21914.25977,21839.4707,21892.42969,21892.42969,242840000
2017-08-31,21936.00977,21985.75977,21910.5,21948.09961,21948.09961,376790000
2017-09-01,21981.76953,22038.9707,21974.91016,21987.56055,21987.56055,256240000
2017-09-05,21912.36914,21921.08984,21709.63086,21753.31055,21753.31055,332840000
2017-09-06,21815.75977,21849.24023,21794.07031,21807.64063,21807.64063,318760000
2017-09-07,21820.38086,21850.00977,21745.71094,21784.7793,21784.7793,333810000
2017-09-08,21764.42969,21846.63086,21731.11914,21797.78906,21797.78906,289400000
2017-09-11,21927.78906,22067.09961,21927.78906,22057.36914,22057.36914,312770000
2017-09-12,22090.56055,22134.57031,22087.08984,22118.85938,22118.85938,364580000
2017-09-13,22103.4707,22158.17969,22095.78906,22158.17969,22158.17969,291890000
2017-09-14,22144.96094,22216.43945,22135.25977,22203.48047,22203.48047,297780000
2017-09-15,22252.43945,22275.01953,22214.51953,22268.33984,22268.33984,527540000
2017-09-18,22297.91992,22355.61914,22283.34961,22331.34961,22331.34961,302740000
2017-09-19,22349.69922,22386.00977,22340.71094,22370.80078,22370.80078,295570000
2017-09-20,22351.38086,22413.25977,22314.67969,22412.58984,22412.58984,334560000
2017-09-21,22414.01953,22419.50977,22356.55078,22359.23047,22359.23047,287390000
2017-09-22,22334.07031,22364.31055,22299.58008,22349.58984,22349.58984,297140000
2017-09-25,22320.4707,22359.88086,22219.10938,22296.08984,22296.08984,332430000
2017-09-26,22322.0293,22369.34961,22279.51953,22284.32031,22284.32031,285990000
2017-09-27,22330.92969,22371.09961,22254.92969,22340.71094,22340.71094,342900000
2017-09-28,22306.83008,22394.74023,22288.9707,22381.19922,22381.19922,263010000
2017-09-29,22358.4707,22405.63086,22332.96094,22405.08984,22405.08984,274790000
2017-10-02,22423.4707,22559.38086,22416,22557.59961,22557.59961,268530000
2017-10-03,22564.44922,22646.32031,22562.90039,22641.66992,22641.66992,238830000
2017-10-04,22645.66992,22685.93945,22632.80078,22661.64063,22661.64063,235730000
2017-10-05,22669.08008,22777.03906,22655.14063,22775.39063,22775.39063,246400000
2017-10-06,22762.0293,22773.66992,22730.84961,22773.66992,22773.66992,221450000
2017-10-09,22779.73047,22803.36914,22739.38086,22761.07031,22761.07031,310770000
2017-10-10,22784.75977,22850.50977,22770.99023,22830.67969,22830.67969,319270000
2017-10-11,22827.65039,22872.89063,22821.66016,22872.89063,22872.89063,316000000
2017-10-12,22854.84961,22884.82031,22821.13086,22841.00977,22841.00977,291790000
2017-10-13,22876.42969,22905.33008,22855.92969,22871.7207,22871.7207,259560000
2017-10-16,22892.91992,22960.11914,22887.11914,22956.96094,22956.96094,247180000
2017-10-17,22952.41016,23002.19922,22948.23047,22997.43945,22997.43945,273090000
2017-10-18,23087.13086,23172.92969,23086.75,23157.59961,23157.59961,271870000
2017-10-19,23107.4707,23167.24023,23052.66992,23163.03906,23163.03906,350400000
2017-10-20,23205.17969,23328.83984,23201.7793,23328.63086,23328.63086,474380000
2017-10-23,23348.94922,23368.36914,23273.96094,23273.96094,23273.96094,456830000
2017-10-24,23346.7793,23485.25,23343.23047,23441.75977,23441.75977,406850000
2017-10-25,23431.08984,23451.50977,23251.10938,23329.46094,23329.46094,399560000
2017-10-26,23380.89063,23459.83984,23380.89063,23400.85938,23400.85938,370600000
2017-10-27,23419.16016,23449.40039,23353.16016,23434.18945,23434.18945,518870000
2017-10-30,23405.75,23428.75,23327.86914,23348.74023,23348.74023,436900000
2017-10-31,23369.2207,23406.34961,23334.39063,23377.24023,23377.24023,388050000
2017-11-01,23442.90039,23517.71094,23388.91016,23435.00977,23435.00977,361260000
2017-11-02,23463.24023,23531.38086,23350.98047,23516.25977,23516.25977,348040000
2017-11-03,23549.58984,23557.06055,23481.57031,23539.18945,23539.18945,312250000
2017-11-06,23533.96094,23574.85938,23520.75,23548.41992,23548.41992,325190000
2017-11-07,23574.0293,23602.11914,23484.18945,23557.23047,23557.23047,285080000
2017-11-08,23542.59961,23575,23510.56055,23563.35938,23563.35938,264670000
2017-11-09,23492.08984,23516.74023,23310.01953,23461.93945,23461.93945,305440000
2017-11-10,23432.71094,23452.19922,23392.96094,23422.21094,23422.21094,351280000
2017-11-13,23367.4707,23461.67969,23343.33984,23439.69922,23439.69922,491260000
2017-11-14,23388.40039,23414.08008,23271.57031,23409.4707,23409.4707,561330000
2017-11-15,23334.58984,23344.99023,23242.75,23271.2793,23271.2793,404300000
2017-11-16,23365.33984,23492.18945,23365.33984,23458.35938,23458.35938,402020000
2017-11-17,23433.76953,23433.76953,23356.00977,23358.24023,23358.24023,386000000
2017-11-20,23370.71094,23456.88086,23360.58008,23430.33008,23430.33008,315330000
2017-11-21,23500.15039,23617.80078,23500.15039,23590.83008,23590.83008,329650000
2017-11-22,23597.24023,23605.76953,23507.60938,23526.17969,23526.17969,268760000
2017-11-24,23552.75,23599.17969,23551.58984,23557.99023,23557.99023,118610000
2017-11-27,23552.85938,23638.91992,23545.01953,23580.7793,23580.7793,296320000
2017-11-28,23625.18945,23849.60938,23617.10938,23836.71094,23836.71094,319240000
2017-11-29,23883.25977,23959.75977,23872.58984,23940.67969,23940.67969,401410000
2017-11-30,24013.80078,24327.82031,24013.80078,24272.34961,24272.34961,488200000
2017-12-01,24305.40039,24322.06055,23921.90039,24231.58984,24231.58984,417910000
2017-12-04,24424.10938,24534.03906,24288.18945,24290.05078,24290.05078,424250000
2017-12-05,24335.00977,24349.74023,24155.2793,24180.64063,24180.64063,371190000
2017-12-06,24171.90039,24229.34961,24134.49023,24140.91016,24140.91016,312720000
2017-12-07,24116.59961,24262.88086,24101.24023,24211.48047,24211.48047,319060000
2017-12-08,24263.25977,24330.11914,24225.5,24329.16016,24329.16016,293590000
2017-12-11,24338.10938,24389.7207,24314.74023,24386.0293,24386.0293,300580000
2017-12-12,24452.96094,24552.9707,24443.83008,24504.80078,24504.80078,342220000
2017-12-13,24525.18945,24666.01953,24518.30078,24585.42969,24585.42969,325280000
2017-12-14,24631.00977,24672.48047,24508.66016,24508.66016,24508.66016,314780000
2017-12-15,24585.71094,24688.61914,24584.43945,24651.74023,24651.74023,635740000
2017-12-18,24739.56055,24876.07031,24739.56055,24792.19922,24792.19922,354880000
2017-12-19,24834.38086,24850.10938,24715.59961,24754.75,24754.75,335330000
2017-12-20,24838.08984,24852.43945,24697.10938,24726.65039,24726.65039,341790000
2017-12-21,24778.25977,24850.91016,24766.26953,24782.28906,24782.28906,339530000
2017-12-22,24764.03906,24784.15039,24717.50977,24754.06055,24754.06055,255140000
2017-12-26,24715.83984,24778.13086,24708.41992,24746.21094,24746.21094,208290000
2017-12-27,24766.51953,24789.51953,24731.67969,24774.30078,24774.30078,225890000
2017-12-28,24807.21094,24839.23047,24797.13086,24837.50977,24837.50977,200960000
2017-12-29,24849.63086,24871.66016,24719.2207,24719.2207,24719.2207,270760000
2018-01-02,24809.34961,24864.18945,24741.69922,24824.00977,24824.00977,341130000
2018-01-03,24850.44922,24941.91992,24825.55078,24922.67969,24922.67969,456790000
2018-01-04,24964.85938,25105.96094,24963.26953,25075.13086,25075.13086,403280000
2018-01-05,25114.91992,25299.78906,25112.00977,25295.86914,25295.86914,358020000
2018-01-08,25308.40039,25311.99023,25235.41016,25283,25283,341390000
2018-01-09,25312.05078,25439.7793,25308.41016,25385.80078,25385.80078,333490000
2018-01-10,25348.13086,25404.91992,25256.99023,25369.13086,25369.13086,341470000
2018-01-11,25398.59961,25575.41992,25396.18945,25574.73047,25574.73047,346830000
2018-01-12,25638.39063,25810.42969,25633.08008,25803.18945,25803.18945,376390000
2018-01-16,25987.61914,26086.11914,25702.99023,25792.85938,25792.85938,606520000
2018-01-17,25910.7793,26130.44922,25865.01953,26115.65039,26115.65039,522720000
2018-01-18,26149.55078,26153.41992,25947.32031,26017.81055,26017.81055,492780000
2018-01-19,25987.34961,26071.7207,25942.83008,26071.7207,26071.7207,585000000
2018-01-22,26025.32031,26215.23047,25974.65039,26214.59961,26214.59961,431200000
2018-01-23,26214.86914,26246.18945,26143.90039,26210.81055,26210.81055,433490000
2018-01-24,26282.07031,26392.80078,26106.93945,26252.11914,26252.11914,518790000
2018-01-25,26313.06055,26458.25,26259.7207,26392.78906,26392.78906,401390000
2018-01-26,26466.74023,26616.71094,26425.34961,26616.71094,26616.71094,477780000
2018-01-29,26584.2793,26608.90039,26435.33984,26439.48047,26439.48047,421000000
2018-01-30,26198.44922,26256.99023,26028.41992,26076.89063,26076.89063,448330000
2018-01-31,26268.16992,26338.0293,26050.98047,26149.39063,26149.39063,479130000
2018-02-01,26083.03906,26306.69922,26014.43945,26186.71094,26186.71094,410620000
2018-02-02,26061.78906,26061.78906,25490.66016,25520.96094,25520.96094,522880000
2018-02-05,25337.86914,25520.5293,23923.88086,24345.75,24345.75,714450000
2018-02-06,24085.16992,24946.23047,23778.74023,24912.76953,24912.76953,823940000
2018-02-07,24892.86914,25293.96094,24785.43945,24893.34961,24893.34961,504620000
2018-02-08,24902.30078,24903.67969,23849.23047,23860.46094,23860.46094,657500000
2018-02-09,23992.66992,24382.14063,23360.28906,24190.90039,24190.90039,735030000
2018-02-12,24337.75977,24765.16016,24290.48047,24601.26953,24601.26953,496610000
2018-02-13,24540.33008,24705.7207,24421.0293,24640.44922,24640.44922,374410000
2018-02-14,24535.82031,24925.94922,24490.35938,24893.49023,24893.49023,431160000
2018-02-15,25047.82031,25203.94922,24809.41992,25200.36914,25200.36914,416780000
2018-02-16,25165.93945,25432.41992,25149.25977,25219.38086,25219.38086,406730000
2018-02-20,25124.91016,25179.00977,24884.18945,24964.75,24964.75,421510000
2018-02-21,24988.06055,25267.99023,24792.99023,24797.7793,24797.7793,456070000
2018-02-22,24855.41016,25156.7207,24854.83008,24962.48047,24962.48047,378900000
2018-02-23,25050.50977,25313.91016,25028.73047,25309.99023,25309.99023,335420000
2018-02-26,25403.34961,25732.80078,25398.56055,25709.26953,25709.26953,473360000
2018-02-27,25735.7793,25800.34961,25407.83008,25410.0293,25410.0293,438390000
2018-02-28,25485.15039,25576.15039,25022.41992,25029.19922,25029.19922,451870000
2018-03-01,25024.03906,25185.34961,24442.56055,24608.98047,24608.98047,506280000
2018-03-02,24394.91016,24592.46094,24217.75977,24538.06055,24538.06055,437130000
2018-03-05,24471.31055,24961,24387.15039,24874.75977,24874.75977,383910000
2018-03-06,24965.89063,24995.24023,24708.41016,24884.11914,24884.11914,331770000
2018-03-07,24758.15039,24849.67969,24535.11914,24801.35938,24801.35938,394070000
2018-03-08,24853.41016,24950.49023,24703.05078,24895.21094,24895.21094,327300000
2018-03-09,25004.89063,25336.33008,25004.89063,25335.74023,25335.74023,371570000
2018-03-12,25372.43945,25449.15039,25152.01953,25178.60938,25178.60938,362580000
2018-03-13,25257.75,25376.40039,24947.5,25007.0293,25007.0293,447880000
2018-03-14,25086.9707,25130.11914,24668.83008,24758.11914,24758.11914,356830000
2018-03-15,24837.28906,25053.86914,24753.28906,24873.66016,24873.66016,316310000
2018-03-16,24877.33984,25031,24857.08984,24946.50977,24946.50977,654240000
2018-03-19,24893.68945,24893.68945,24453.14063,24610.91016,24610.91016,377990000
2018-03-20,24650.64063,24803.60938,24650.64063,24727.26953,24727.26953,342510000
2018-03-21,24723.49023,24977.65039,24655.40039,24682.31055,24682.31055,343230000
2018-03-22,24526.00977,24526.00977,23938.74023,23957.89063,23957.89063,439280000
2018-03-23,23995.17969,24108.4707,23509.06055,23533.19922,23533.19922,482550000
2018-03-26,23825.74023,24232.30078,23741.2207,24202.59961,24202.59961,479540000
2018-03-27,24276.61914,24446.2207,23708.73047,23857.71094,23857.71094,524480000
2018-03-28,23883.08008,24092.4707,23728.66992,23848.41992,23848.41992,530040000
2018-03-29,23949.17969,24314.30078,23928.13086,24103.10938,24103.10938,463550000
2018-04-02,24076.59961,24123.80078,23344.51953,23644.18945,23644.18945,509820000
2018-04-03,23698.33008,24044.34961,23664.33008,24033.35938,24033.35938,394130000
2018-04-04,23654.15039,24308.96094,23523.16016,24264.30078,24264.30078,388540000
2018-04-05,24313.91016,24622.25977,24313.91016,24505.2207,24505.2207,347790000
2018-04-06,24373.59961,24434.40039,23738.19922,23932.75977,23932.75977,395990000
2018-04-09,24037.51953,24373.17969,23954.83008,23979.09961,23979.09961,380790000
2018-04-10,24198.94922,24511.34961,24198.94922,24408,24408,368590000
2018-04-11,24274.18945,24366.57031,24150.86914,24189.44922,24189.44922,286360000
2018-04-12,24302.82031,24592.11914,24302.82031,24483.05078,24483.05078,336130000
2018-04-13,24582.82031,24646.44922,24243.74023,24360.14063,24360.14063,331890000
2018-04-16,24483.15039,24675.35938,24480.19922,24573.03906,24573.03906,305070000
2018-04-17,24681.78906,24858.9707,24681.78906,24786.63086,24786.63086,342410000
2018-04-18,24820.84961,24832.53906,24721.08984,24748.07031,24748.07031,302030000
2018-04-19,24711.30078,24762.48047,24557.0293,24664.89063,24664.89063,381110000
2018-04-20,24657.39063,24678.07031,24375.03906,24462.93945,24462.93945,537770000
2018-04-23,24488.07031,24536.89063,24328.53906,24448.68945,24448.68945,351030000
2018-04-24,24579.93945,24579.93945,23828.73047,24024.13086,24024.13086,468180000
2018-04-25,24070.19922,24146.33984,23823.08008,24083.83008,24083.83008,437100000
2018-04-26,24128.7207,24402.46094,24128.7207,24322.33984,24322.33984,390360000
2018-04-27,24342.14063,24359.38086,24194.44922,24311.18945,24311.18945,392810000
2018-04-30,24410.41016,24498.23047,24163.08008,24163.15039,24163.15039,416650000
2018-05-01,24117.28906,24117.28906,23808.18945,24099.05078,24099.05078,380070000
2018-05-02,24097.63086,24185.51953,23886.30078,23924.98047,23924.98047,385350000
2018-05-03,23836.23047,23996.15039,23531.31055,23930.15039,23930.15039,389240000
2018-05-04,23865.2207,24333.34961,23778.86914,24262.50977,24262.50977,329480000
2018-05-07,24317.66016,24479.44922,24263.41992,24357.32031,24357.32031,307670000
2018-05-08,24341.34961,24412.33984,24198.33984,24360.21094,24360.21094,344940000
2018-05-09,24399.17969,24586.48047,24323.86914,24542.53906,24542.53906,361580000
2018-05-10,24591.66016,24794.99023,24575.91016,24739.5293,24739.5293,304210000
2018-05-11,24758.64063,24868.65039,24717.5,24831.16992,24831.16992,274150000
2018-05-14,24879.36914,24994.18945,24862.51953,24899.41016,24899.41016,282860000
2018-05-15,24809.55078,24809.55078,24629.39063,24706.41016,24706.41016,301900000
2018-05-16,24722.32031,24801.18945,24672.78906,24768.92969,24768.92969,280810000
2018-05-17,24752.40039,24839.49023,24639.40039,24713.98047,24713.98047,314650000
2018-05-18,24707.7207,24774.9707,24664.86914,24715.08984,24715.08984,269700000
2018-05-21,24883.06055,25086.49023,24883.06055,25013.28906,25013.28906,308920000
2018-05-22,25047.55078,25064.99023,24812.06055,24834.41016,24834.41016,288200000
2018-05-23,24757.71094,24889.46094,24667.11914,24886.81055,24886.81055,399610000
2018-05-24,24877.35938,24877.35938,24605.90039,24811.75977,24811.75977,347050000
2018-05-25,24781.28906,24824.2207,24687.81055,24753.08984,24753.08984,257210000
2018-05-29,24606.58984,24635.17969,24247.83984,24361.44922,24361.44922,395810000
2018-05-30,24467.83008,24714.48047,24459.08984,24667.7793,24667.7793,324870000
2018-05-31,24620.78906,24620.78906,24352.15039,24415.83984,24415.83984,429740000
2018-06-01,24542.08984,24673.59961,24542.08984,24635.21094,24635.21094,315710000
2018-06-04,24727.55078,24859.36914,24722.14063,24813.68945,24813.68945,340400000
2018-06-05,24820.11914,24838.7793,24710.82031,24799.98047,24799.98047,306340000
2018-06-06,24854.14063,25146.46094,24854.14063,25146.39063,25146.39063,316090000
2018-06-07,25192.14063,25326.08984,25164.48047,25241.41016,25241.41016,357680000
2018-06-08,25209.28906,25325.63086,25165.69922,25316.5293,25316.5293,317510000
2018-06-11,25336.66992,25402.83008,25290.19922,25322.31055,25322.31055,276740000
2018-06-12,25346.82031,25364.36914,25247.03906,25320.73047,25320.73047,265750000
2018-06-13,25328.65039,25362.07031,25191.41992,25201.19922,25201.19922,329700000
2018-06-14,25254.65039,25332.5,25138.59961,25175.31055,25175.31055,341170000
2018-06-15,25116.71094,25130.82031,24894.38086,25090.48047,25090.48047,659370000
2018-06-18,24944.2793,25003.09961,24825.76953,24987.4707,24987.4707,337070000
2018-06-19,24763.58984,24763.58984,24567.75,24700.21094,24700.21094,376380000
2018-06-20,24771.16992,24804.75977,24628.39063,24657.80078,24657.80078,359520000
2018-06-21,24639.21094,24639.21094,24406.63086,24461.69922,24461.69922,349570000
2018-06-22,24526.9707,24663.17969,24526.9707,24580.89063,24580.89063,473970000
2018-06-25,24463.73047,24463.73047,24084.39063,24252.80078,24252.80078,439130000
2018-06-26,24281.89063,24384.21094,24241.2207,24283.10938,24283.10938,301130000
2018-06-27,24303.10938,24569.01953,24115.82031,24117.58984,24117.58984,313790000
2018-06-28,24064.18945,24308.16016,23997.21094,24216.05078,24216.05078,305020000
2018-06-29,24323.92969,24509.51953,24269.71094,24271.41016,24271.41016,329070000
2018-07-02,24161.5293,24319.41992,24077.56055,24307.17969,24307.17969,244110000
2018-07-03,24359.39063,24444.88086,24150.84961,24174.82031,24174.82031,160960000
2018-07-05,24285.82031,24372.80078,24177.43945,24356.74023,24356.74023,237670000
2018-07-06,24352.4707,24520.28906,24281.4707,24456.48047,24456.48047,219450000
2018-07-09,24519.19922,24796.51953,24518.42969,24776.58984,24776.58984,240580000
2018-07-10,24806.9707,24945.38086,24806.9707,24919.66016,24919.66016,235040000
2018-07-11,24789.48047,24815.16016,24663.82031,24700.44922,24700.44922,237370000
2018-07-12,24802.90039,24939.9707,24802.90039,24924.89063,24924.89063,233150000
2018-07-13,24926.07031,25043.21094,24890.06055,25019.41016,25019.41016,255520000
2018-07-16,25025.58008,25072.41016,24979.64063,25064.35938,25064.35938,231270000
2018-07-17,25033.91992,25155.39063,24989.60938,25119.89063,25119.89063,250450000
2018-07-18,25133.78906,25215.32031,25101.11914,25199.28906,25199.28906,252870000
2018-07-19,25139.15039,25154.16992,25052.61914,25064.5,25064.5,285760000
2018-07-20,25041.14063,25124.09961,24986.34961,25058.11914,25058.11914,274080000
2018-07-23,25036.90039,25081.44922,24983.33008,25044.28906,25044.28906,228820000
2018-07-24,25092.42969,25286.61914,25092.42969,25241.93945,25241.93945,274940000
2018-07-25,25183.69922,25432.86914,25113.55078,25414.09961,25414.09961,273670000
2018-07-26,25468.55078,25587.24023,25463.16016,25527.07031,25527.07031,297530000
2018-07-27,25520.51953,25580.2207,25370.07031,25451.06055,25451.06055,329680000
2018-07-30,25439.32031,25500.16016,25287.38086,25306.83008,25306.83008,296880000
2018-07-31,25345.21094,25490.98047,25345.21094,25415.18945,25415.18945,348700000
2018-08-01,25461.63086,25488.80078,25278.32031,25333.82031,25333.82031,315880000
2018-08-02,25256.44922,25360.48047,25120.07031,25326.16016,25326.16016,307700000
2018-08-03,25360.36914,25467.90039,25325.16992,25462.58008,25462.58008,239020000
2018-08-06,25437.42969,25540.01953,25381.38086,25502.17969,25502.17969,238990000
2018-08-07,25551.65039,25692.7207,25551.65039,25628.91016,25628.91016,239910000
2018-08-08,25615.7207,25634.10938,25557.48047,25583.75,25583.75,217770000
2018-08-09,25589.78906,25613.31055,25492.68945,25509.23047,25509.23047,214970000
2018-08-10,25401.18945,25401.18945,25222.88086,25313.14063,25313.14063,234480000
2018-08-13,25327.18945,25381.39063,25153.92969,25187.69922,25187.69922,219990000
2018-08-14,25215.68945,25339.50977,25201.86914,25299.91992,25299.91992,219210000
2018-08-15,25235.36914,25235.36914,24965.76953,25162.41016,25162.41016,295810000
2018-08-16,25294.9707,25607.33984,25294.9707,25558.73047,25558.73047,342430000
2018-08-17,25550.80078,25728.16016,25521.66016,25669.32031,25669.32031,284160000
2018-08-20,25727.69922,25790.16992,25716.41016,25758.68945,25758.68945,248570000
2018-08-21,25786.99023,25888.82031,25784.90039,25822.28906,25822.28906,241620000
2018-08-22,25825.06055,25836.16016,25722.42969,25733.59961,25733.59961,200480000
2018-08-23,25714.85938,25762.56055,25608.01953,25656.98047,25656.98047,213270000
2018-08-24,25688.58008,25826.05078,25688.58008,25790.34961,25790.34961,200330000
2018-08-27,25882.71094,26067.57031,25882.71094,26049.64063,26049.64063,220510000
2018-08-28,26092.69922,26122.24023,26037.84961,26064.01953,26064.01953,211470000
2018-08-29,26082.5293,26167.93945,26035.30078,26124.57031,26124.57031,214960000
2018-08-30,26099.00977,26104.36914,25934.80078,25986.91992,25986.91992,240440000
2018-08-31,25964.84961,26028.83008,25879.76953,25964.82031,25964.82031,273440000
2018-09-04,25916.07031,25971.76953,25805.94922,25952.48047,25952.48047,254600000
2018-09-05,25919.83984,26011.2207,25871.03906,25974.99023,25974.99023,289210000
2018-09-06,25973.01953,26073.67969,25880.83984,25995.86914,25995.86914,262380000
2018-09-07,25951.01953,26002.99023,25818.39063,25916.53906,25916.53906,281350000
2018-09-10,25991.91016,26039.96094,25854.13086,25857.07031,25857.07031,252170000
2018-09-11,25841.14063,26019.91992,25754.32031,25971.06055,25971.06055,265960000
2018-09-12,25989.07031,26145.7207,25929.42969,25998.91992,25998.91992,282770000
2018-09-13,26083.93945,26191.64063,26067.08008,26145.99023,26145.99023,260800000
2018-09-14,26169.56055,26211.10938,26068.28906,26154.66992,26154.66992,228640000
2018-09-17,26151.66016,26184.4707,26030.34961,26062.11914,26062.11914,230230000
2018-09-18,26076.21094,26317.33984,26076.21094,26246.96094,26246.96094,243000000
2018-09-19,26287.83984,26464.41016,26280.75977,26405.75977,26405.75977,251330000
2018-09-20,26519.39063,26697.49023,26519.39063,26656.98047,26656.98047,260480000
2018-09-21,26726.25,26769.16016,26680.36914,26743.5,26743.5,657620000
2018-09-24,26705.25,26709.93945,26548.67969,26562.05078,26562.05078,254850000
2018-09-25,26601.58008,26634.84961,26475.58008,26492.21094,26492.21094,234110000
2018-09-26,26536.85938,26606.08984,26349.33984,26385.2793,26385.2793,262620000
2018-09-27,26418.26953,26557.00977,26379.94922,26439.92969,26439.92969,226350000
2018-09-28,26407.66016,26515.75977,26383.57031,26458.31055,26458.31055,264030000
2018-10-01,26598.35938,26737.98047,26596.05078,26651.21094,26651.21094,238320000
2018-10-02,26648.91016,26824.7793,26627.66016,26773.93945,26773.93945,258290000
2018-10-03,26833.4707,26951.81055,26789.08008,26828.39063,26828.39063,280130000
2018-10-04,26784.08008,26793.82031,26471.60938,26627.48047,26627.48047,289600000
2018-10-05,26632.76953,26676.16016,26301.81055,26447.05078,26447.05078,267100000
2018-10-08,26399.44922,26529.34961,26223.08984,26486.7793,26486.7793,273020000
2018-10-09,26469.18945,26539.93945,26324.16016,26430.57031,26430.57031,282560000
2018-10-10,26441.73047,26487.86914,25567.09961,25598.74023,25598.74023,438200000
2018-10-11,25518.39063,25683.64063,24899.76953,25052.83008,25052.83008,522880000
2018-10-12,25407.63086,25467.55078,25000.83008,25339.99023,25339.99023,397510000
2018-10-15,25332.46094,25482.41992,25243.88086,25250.55078,25250.55078,287320000
2018-10-16,25351.5293,25817.67969,25351.5293,25798.41992,25798.41992,305800000
2018-10-17,25705.86914,25810.08984,25479.16016,25706.67969,25706.67969,298210000
2018-10-18,25645.56055,25691.46094,25236.00977,25379.44922,25379.44922,328020000
2018-10-19,25421.08984,25608.71094,25350.01953,25444.33984,25444.33984,350810000
2018-10-22,25492.14063,25561.33984,25236.05078,25317.41016,25317.41016,314940000
2018-10-23,25038.46094,25307.69922,24768.78906,25191.42969,25191.42969,436430000
2018-10-24,25172.88086,25306.23047,24533.18945,24583.41992,24583.41992,496400000
2018-10-25,24736.53906,25104.28906,24645.56055,24984.55078,24984.55078,439670000
2018-10-26,24770.25,24916.16016,24445.18945,24688.31055,24688.31055,505310000
2018-10-29,24818.98047,25040.58008,24122.23047,24442.91992,24442.91992,443850000
2018-10-30,24482.03906,24906.67969,24415.68945,24874.64063,24874.64063,470050000
2018-10-31,25008.82031,25336.55078,25008.82031,25115.75977,25115.75977,448930000
2018-11-01,25142.08008,25396.4707,25108.10938,25380.74023,25380.74023,383970000
2018-11-02,25443.59961,25578.98047,25078.7207,25270.83008,25270.83008,429480000
2018-11-05,25261.4707,25507.34961,25261.4707,25461.69922,25461.69922,334740000
2018-11-06,25452.83008,25651.85938,25444.90039,25635.00977,25635.00977,265450000
2018-11-07,25788.46094,26200.14063,25765.88086,26180.30078,26180.30078,361780000
2018-11-08,26139.58984,26277.82031,26081.90039,26191.2207,26191.2207,295650000
2018-11-09,26149.10938,26161.49023,25882.91016,25989.30078,25989.30078,324450000
2018-11-12,25959.33008,25966.71094,25340.50977,25387.17969,25387.17969,346910000
2018-11-13,25321.21094,25511.0293,25193.7793,25286.49023,25286.49023,339690000
2018-11-14,25388.08008,25501.28906,24935.82031,25080.5,25080.5,384240000
2018-11-15,25061.48047,25354.56055,24787.78906,25289.26953,25289.26953,392750000
2018-11-16,25242.34961,25510.23047,25147.80078,25413.2207,25413.2207,354460000
2018-11-19,25392.60938,25392.60938,24900.98047,25017.43945,25017.43945,358090000
2018-11-20,24618.67969,24707.25977,24368.98047,24465.64063,24465.64063,445920000
2018-11-21,24541.65039,24669.78906,24463.2793,24464.68945,24464.68945,289370000
2018-11-23,24336.40039,24408.80078,24268.74023,24285.94922,24285.94922,155940000
2018-11-26,24364.13086,24673.28906,24364.13086,24640.24023,24640.24023,306280000
2018-11-27,24557.01953,24750.73047,24416.0293,24748.73047,24748.73047,308250000
2018-11-28,24832.83984,25368.92969,24832.83984,25366.42969,25366.42969,362160000
2018-11-29,25343.65039,25479.03906,25202.78906,25338.83984,25338.83984,305110000
2018-11-30,25307.14063,25549.71094,25250.9707,25538.46094,25538.46094,482250000
2018-12-03,25779.57031,25980.21094,25670.50977,25826.42969,25826.42969,388480000
2018-12-04,25752.56055,25773.11914,25008.10938,25027.07031,25027.07031,418900000
2018-12-06,24737.41992,24951.00977,24242.2207,24947.66992,24947.66992,471690000
2018-12-07,24918.82031,25095.61914,24284.7793,24388.94922,24388.94922,398230000
2018-12-10,24360.94922,24500.81055,23881.36914,24423.25977,24423.25977,389690000
2018-12-11,24719.91016,24791.25977,24221.06055,24370.24023,24370.24023,342960000
2018-12-12,24509.08984,24828.28906,24509.08984,24527.26953,24527.26953,344330000
2018-12-13,24575.85938,24740.96094,24473.28906,24597.38086,24597.38086,299970000
2018-12-14,24408.03906,24431.14063,24033.78906,24100.50977,24100.50977,416940000
2018-12-17,23986.83008,24088.08008,23456.88086,23592.98047,23592.98047,466740000
2018-12-18,23769.13086,23927.76953,23516.01953,23675.64063,23675.64063,408070000
2018-12-19,23693.33008,24057.33984,23162.64063,23323.66016,23323.66016,503550000
2018-12-20,23224.11914,23282.19922,22644.31055,22859.59961,22859.59961,576700000
2018-12-21,22871.74023,23254.58984,22396.33984,22445.36914,22445.36914,900510000
2018-12-24,22317.2793,22339.86914,21792.19922,21792.19922,21792.19922,308420000
2018-12-26,21857.73047,22878.91992,21712.5293,22878.44922,22878.44922,433080000
2018-12-27,22629.06055,23138.89063,22267.41992,23138.82031,23138.82031,407940000
2018-12-28,23213.60938,23381.88086,22981.33008,23062.40039,23062.40039,336510000
2018-12-31,23153.93945,23333.17969,23118.30078,23327.46094,23327.46094,288830000
2019-01-02,23058.60938,23413.4707,22928.58984,23346.24023,23346.24023,321570000
2019-01-03,23176.39063,23176.39063,22638.41016,22686.2207,22686.2207,424240000
2019-01-04,22894.91992,23518.64063,22894.91992,23433.16016,23433.16016,396020000
2019-01-07,23474.25977,23687.74023,23301.58984,23531.34961,23531.34961,334200000
2019-01-08,23680.32031,23864.65039,23581.44922,23787.44922,23787.44922,317420000
2019-01-09,23844.26953,24084.71094,23703.16016,23879.11914,23879.11914,324570000
2019-01-10,23811.10938,24014.7793,23703.25,24001.91992,24001.91992,338150000
2019-01-11,23940.00977,23996.32031,23798.16016,23995.94922,23995.94922,262650000
2019-01-14,23880.5293,23964.90039,23765.24023,23909.83984,23909.83984,277560000
2019-01-15,23914.10938,24099.14063,23887.92969,24065.58984,24065.58984,291570000
2019-01-16,24139.91016,24288.60938,24119.7207,24207.16016,24207.16016,302830000
2019-01-17,24147.08984,24474.46094,24088.90039,24370.09961,24370.09961,288590000
2019-01-18,24534.18945,24750.2207,24459.0293,24706.34961,24706.34961,372970000
2019-01-22,24607.75977,24607.75977,24244.31055,24404.48047,24404.48047,338480000
2019-01-23,24577.25,24700.98047,24307.16992,24575.61914,24575.61914,318600000
2019-01-24,24579.96094,24626.30078,24422.73047,24553.24023,24553.24023,320170000
2019-01-25,24687.21094,24860.15039,24676.75,24737.19922,24737.19922,376890000
2019-01-28,24596.98047,24596.98047,24323.93945,24528.2207,24528.2207,347170000
2019-01-29,24519.61914,24674.86914,24504.03906,24579.96094,24579.96094,330870000
2019-01-30,24826.51953,25109.61914,24790.90039,25014.85938,25014.85938,397330000
2019-01-31,24954.48047,25049.61914,24842.08984,24999.66992,24999.66992,507350000
2019-02-01,25025.31055,25193.15039,24982.49023,25063.89063,25063.89063,372090000
2019-02-04,25062.11914,25239.91016,24977.66992,25239.36914,25239.36914,298540000
2019-02-05,25287.92969,25427.32031,25287.65039,25411.51953,25411.51953,310650000
2019-02-06,25371.57031,25439.03906,25312.06055,25390.30078,25390.30078,247590000
2019-02-07,25265.81055,25314.25977,25000.51953,25169.5293,25169.5293,295460000
2019-02-08,25042.35938,25106.39063,24883.03906,25106.33008,25106.33008,248210000
2019-02-11,25142.81055,25196.75,25009.09961,25053.10938,25053.10938,241700000
2019-02-12,25152.0293,25458.98047,25152.0293,25425.75977,25425.75977,278110000
2019-02-13,25480.85938,25625.94922,25480.85938,25543.26953,25543.26953,263330000
2019-02-14,25460.65039,25558.90039,25308.08984,25439.39063,25439.39063,313010000
2019-02-15,25564.63086,25883.7207,25564.63086,25883.25,25883.25,328530000
2019-02-19,25849.84961,25961.43945,25820.00977,25891.32031,25891.32031,280620000
2019-02-20,25872.25977,25986.19922,25846.48047,25954.43945,25954.43945,287880000
2019-02-21,25922.41016,25938.88086,25762.21094,25850.63086,25850.63086,255710000
2019-02-22,25906.26953,26052.90039,25906.26953,26031.81055,26031.81055,279760000
2019-02-25,26126.15039,26241.41992,26080.66016,26091.94922,26091.94922,281600000
2019-02-26,26051.60938,26155.28906,25966.00977,26057.98047,26057.98047,257850000
2019-02-27,25995.59961,26039.67969,25877.24023,25985.16016,25985.16016,255380000
2019-02-28,25984.2793,26029.21094,25896.56055,25916,25916,338520000
2019-03-01,26019.66992,26143.91992,25914.36914,26026.32031,26026.32031,289890000
2019-03-04,26122.18945,26155.98047,25611.55078,25819.65039,25819.65039,295510000
2019-03-05,25829.07031,25877.15039,25725.63086,25806.63086,25806.63086,252260000
2019-03-06,25818.75977,25837.60938,25633.71094,25673.46094,25673.46094,256250000
2019-03-07,25645.44922,25645.44922,25352.55078,25473.23047,25473.23047,289140000
2019-03-08,25347.38086,25466.14063,25252.46094,25450.24023,25450.24023,270500000
2019-03-11,25208,25661.63086,25208,25650.88086,25650.88086,309790000
2019-03-12,25600.30078,25675.43945,25522.16992,25554.66016,25554.66016,317730000
2019-03-13,25637.23047,25776.49023,25571.31055,25702.89063,25702.89063,331410000
2019-03-14,25692.31055,25752.83984,25621.31055,25709.93945,25709.93945,302790000
2019-03-15,25720.96094,25927.91016,25649.69922,25848.86914,25848.86914,616910000
2019-03-18,25801.88086,25924.76953,25785.66016,25914.09961,25914.09961,399530000
2019-03-19,25987.86914,26109.67969,25814.91992,25887.38086,25887.38086,342250000
2019-03-20,25867.78906,25929.51953,25670.63086,25745.66992,25745.66992,321980000
2019-03-21,25688.43945,26009.90039,25657.7793,25962.50977,25962.50977,335250000
2019-03-22,25844.65039,25877.00977,25501.44922,25502.32031,25502.32031,386510000
2019-03-25,25490.7207,25603.26953,25372.25977,25516.83008,25516.83008,303120000
2019-03-26,25649.56055,25796.28906,25544.7793,25657.73047,25657.73047,305110000
2019-03-27,25676.33984,25758.16992,25425.26953,25625.58984,25625.58984,270340000
2019-03-28,25693.32031,25743.41016,25576.68945,25717.46094,25717.46094,237170000
2019-03-29,25827.31055,25949.32031,25771.66992,25928.67969,25928.67969,300620000
2019-04-01,26075.09961,26280.90039,26071.68945,26258.41992,26258.41992,295570000
2019-04-02,26213.55078,26221.24023,26122.31055,26179.13086,26179.13086,250940000
2019-04-03,26238.0293,26282.16992,26138.4707,26218.13086,26218.13086,271980000
2019-04-04,26213.41992,26398.90039,26212.7793,26384.63086,26384.63086,233040000
2019-04-05,26427.56055,26487.57031,26370.82031,26424.99023,26424.99023,229550000
2019-04-08,26312.66992,26344.65039,26246.0293,26341.01953,26341.01953,229380000
2019-04-09,26243.53906,26246.33984,26103.14063,26150.58008,26150.58008,244410000
2019-04-10,26173.71094,26209.49023,26101.24023,26157.16016,26157.16016,203130000
2019-04-11,26188.21094,26229.88086,26062.58984,26143.05078,26143.05078,211680000
2019-04-12,26357.78906,26436.67969,26309.7207,26412.30078,26412.30078,369910000
2019-04-15,26407.75977,26424.84961,26316.41992,26384.76953,26384.76953,250620000
2019-04-16,26482.18945,26530.71094,26397.18945,26452.66016,26452.66016,302340000
2019-04-17,26468.5293,26501.01953,26391.85938,26449.53906,26449.53906,367780000
2019-04-18,26463.36914,26602.41992,26444.5293,26559.53906,26559.53906,332850000
2019-04-22,26510.76953,26553.05078,26458.60938,26511.05078,26511.05078,232570000
2019-04-23,26513.83008,26695.96094,26503.56055,26656.39063,26656.39063,311690000
2019-04-24,26652.56055,26680.58008,26582.85938,26597.05078,26597.05078,283370000
2019-04-25,26426.36914,26536.48047,26310.2793,26462.08008,26462.08008,296730000
2019-04-26,26454.61914,26543.56055,26392.55078,26543.33008,26543.33008,317290000
2019-04-29,26559.86914,26602.53906,26520.75,26554.39063,26554.39063,279450000
2019-04-30,26594.56055,26614.03906,26419.4707,26592.91016,26592.91016,340320000
2019-05-01,26639.06055,26689.39063,26426.38086,26430.14063,26430.14063,303850000
2019-05-02,26407.15039,26454.68945,26180.35938,26307.78906,26307.78906,287610000
2019-05-03,26379.14063,26534.96094,26370.08984,26504.94922,26504.94922,248900000
2019-05-06,26160.61914,26476.26953,26033.94922,26438.48047,26438.48047,283020000
2019-05-07,26276.90039,26276.90039,25789.71094,25965.08984,25965.08984,334960000
2019-05-08,25933.78906,26118.09961,25889.41016,25967.33008,25967.33008,276420000
2019-05-09,25878.84961,25884.89063,25517.39063,25828.35938,25828.35938,334760000
2019-05-10,25763.7207,26019.32031,25469.85938,25942.36914,25942.36914,294580000
2019-05-13,25568.06055,25568.06055,25222.50977,25324.99023,25324.99023,361240000
2019-05-14,25384.0293,25688.96094,25384.0293,25532.05078,25532.05078,291570000
2019-05-15,25400.13086,25724.89063,25341.93945,25648.01953,25648.01953,270720000
2019-05-16,25692.14063,25957.63086,25692.14063,25862.67969,25862.67969,320960000
2019-05-17,25719.94922,25948.74023,25657.7793,25764,25764,283760000
2019-05-20,25655.31055,25751.71094,25560.55078,25679.90039,25679.90039,279560000
2019-05-21,25782.33984,25898.26953,25779.60938,25877.33008,25877.33008,260870000
2019-05-22,25818.46094,25878.21094,25755.10938,25776.60938,25776.60938,241760000
2019-05-23,25657.99023,25657.99023,25328.08984,25490.4707,25490.4707,316940000
2019-05-24,25551.07031,25670.81055,25496.19922,25585.68945,25585.68945,201370000
2019-05-28,25616.55078,25717.63086,25342.2793,25347.76953,25347.76953,358980000
2019-05-29,25231.46094,25231.46094,24938.24023,25126.41016,25126.41016,298930000
2019-05-30,25139.93945,25218.53906,25066.75,25169.88086,25169.88086,215240000
2019-05-31,25046.31055,25046.31055,24809.50977,24815.03906,24815.03906,292230000
2019-06-03,24830.16016,24935.21094,24680.57031,24819.7793,24819.7793,328240000
2019-06-04,24962.82031,25343.76953,24962.82031,25332.17969,25332.17969,281690000
2019-06-05,25451,25544.66016,25373.58008,25539.57031,25539.57031,262660000
2019-06-06,25567.44922,25800.30078,25518.05078,25720.66016,25720.66016,248070000
2019-06-07,25768.7207,26072.75,25768.7207,25983.93945,25983.93945,263010000
2019-06-10,26090.2207,26210.60938,26054.31055,26062.67969,26062.67969,249280000
2019-06-11,26180.58984,26248.66992,25998.86914,26048.50977,26048.50977,253490000
2019-06-12,26040.30078,26082.09961,25958.66016,26004.83008,26004.83008,223690000
2019-06-13,26036.93945,26146.91016,25995.71094,26106.76953,26106.76953,213400000
2019-06-14,26076.35938,26162.2793,25988.08984,26089.60938,26089.60938,208020000
2019-06-17,26108.5293,26165.7793,26049.80078,26112.5293,26112.5293,199500000
2019-06-18,26228.88086,26527.18945,26227.75977,26465.53906,26465.53906,273490000
2019-06-19,26490.16016,26569.75,26415.05078,26504,26504,240950000
2019-06-20,26665.38086,26798.63086,26539.68945,26753.16992,26753.16992,278170000
2019-06-21,26749.11914,26907.36914,26705.86914,26719.13086,26719.13086,485560000
2019-06-24,26727.60938,26806.51953,26723.36914,26727.53906,26727.53906,232390000
2019-06-25,26731.60938,26752.31055,26527.66016,26548.2207,26548.2207,282160000
2019-06-26,26599.41992,26660.03906,26536.33008,26536.82031,26536.82031,274340000
2019-06-27,26523.7207,26607.24023,26465.32031,26526.58008,26526.58008,246930000
2019-06-28,26605.92969,26638.34961,26522.26953,26599.96094,26599.96094,499350000
2019-07-01,26805.85938,26890.64063,26616.21094,26717.42969,26717.42969,267670000
2019-07-02,26719.5293,26787.56055,26632.65039,26786.67969,26786.67969,219270000
2019-07-03,26832.32031,26966,26831.43945,26966,26966,149840000
2019-07-05,26867.75,26950.81055,26733.33008,26922.11914,26922.11914,192170000
2019-07-08,26835.64063,26839.14063,26744.86914,26806.14063,26806.14063,214290000
2019-07-09,26725.11914,26807.69922,26665.57031,26783.49023,26783.49023,218330000
2019-07-10,26851.96094,26983.44922,26813.10938,26860.19922,26860.19922,207990000
2019-07-11,26950.16016,27088.44922,26916.32031,27088.08008,27088.08008,252300000
2019-07-12,27139.49023,27333.78906,27135.44922,27332.0293,27332.0293,248390000
2019-07-15,27364.68945,27364.68945,27294.16992,27359.16016,27359.16016,199730000
2019-07-16,27349.32031,27398.67969,27290.24023,27335.63086,27335.63086,226000000
2019-07-17,27320.91016,27343.06055,27218.38086,27219.84961,27219.84961,193930000
2019-07-18,27191.98047,27266.81055,27068.78906,27222.9707,27222.9707,216070000
2019-07-19,27246.38086,27342.96094,27145.7793,27154.19922,27154.19922,287690000
2019-07-22,27174.17969,27227.76953,27088.90039,27171.90039,27171.90039,216310000
2019-07-23,27231.85938,27368.81055,27204.58008,27349.18945,27349.18945,248850000
2019-07-24,27262.24023,27291.03906,27191.11914,27269.9707,27269.9707,244320000
2019-07-25,27247.39063,27298.42969,27062.48047,27140.98047,27140.98047,241420000
2019-07-26,27166,27213.69922,27123.25,27192.44922,27192.44922,233650000
2019-07-29,27192.24023,27275.84961,27178.06055,27221.34961,27221.34961,250850000
2019-07-30,27145.39063,27224.35938,27069.85938,27198.01953,27198.01953,293250000
2019-07-31,27244.66992,27281.65039,26719.59961,26864.26953,26864.26953,385150000
2019-08-01,26879.85938,27175.58984,26548.71094,26583.41992,26583.41992,386320000
2019-08-02,26528.66016,26570.01953,26249.2207,26485.00977,26485.00977,327640000
2019-08-05,26259.23047,26259.23047,25523.38086,25717.74023,25717.74023,422240000
2019-08-06,25810.61914,26038.67969,25710.86914,26029.51953,26029.51953,318160000
2019-08-07,25814.2207,26073.21094,25440.39063,26007.07031,26007.07031,344790000
2019-08-08,26086.51953,26383.60938,26038.09961,26378.18945,26378.18945,282530000
2019-08-09,26337.08984,26413.35938,26097.64063,26287.43945,26287.43945,240260000
2019-08-12,26169.91016,26178.94922,25824.93945,25896.43945,25896.43945,199390000
2019-08-13,25888.88086,26426.9707,25833.25,26279.91016,26279.91016,308900000
2019-08-14,26035.08008,26035.08008,25471.58984,25479.41992,25479.41992,352250000
2019-08-15,25514.25,25639.68945,25339.59961,25579.39063,25579.39063,332600000
2019-08-16,25678.16992,25929.65039,25678.16992,25886.00977,25886.00977,276210000
2019-08-19,26020.06055,26222.32031,26020.06055,26135.78906,26135.78906,252640000
2019-08-20,26086.85938,26160.11914,25952,25962.43945,25962.43945,238100000
2019-08-21,26145.35938,26268.32031,26141.76953,26202.73047,26202.73047,208790000
2019-08-22,26271.64063,26388.7793,26099.00977,26252.24023,26252.24023,222810000
2019-08-23,26134.21094,26320.28906,25507.17969,25628.90039,25628.90039,364260000
2019-08-26,25826.05078,25941.25,25716.39063,25898.83008,25898.83008,222780000
2019-08-27,26014.46094,26054.01953,25721.84961,25777.90039,25777.90039,263530000
2019-08-28,25712.99023,26041.57031,25637.42969,26036.09961,26036.09961,207070000
2019-08-29,26249.08984,26408.83984,26185.71094,26362.25,26362.25,208650000
2019-08-30,26476.39063,26514.61914,26295.58984,26403.2793,26403.2793,2190810000
2019-09-03,26198.25977,26198.25977,25978.2207,26118.01953,26118.01953,223210000
2019-09-04,26301.99023,26362.34961,26244.43945,26355.4707,26355.4707,202710000
2019-09-05,26603.15039,26836.30078,26603.15039,26728.15039,26728.15039,256670000
2019-09-06,26790.25,26860.86914,26708.39063,26797.46094,26797.46094,209700000
2019-09-09,26866.23047,26900.83008,26762.17969,26835.50977,26835.50977,273120000
2019-09-10,26805.83008,26909.42969,26717.05078,26909.42969,26909.42969,322340000
2019-09-11,26928.05078,27137.03906,26885.48047,27137.03906,27137.03906,272590000
2019-09-12,27197.32031,27306.73047,27105.00977,27182.44922,27182.44922,250010000
2019-09-13,27216.66992,27277.55078,27193.94922,27219.51953,27219.51953,255260000
2019-09-16,27146.06055,27172.86914,27032.56055,27076.82031,27076.82031,220620000
2019-09-17,27010.11914,27110.80078,26984.14063,27110.80078,27110.80078,223580000
2019-09-18,27075.39063,27161.92969,26899.15039,27147.08008,27147.08008,212860000
2019-09-19,27186.05078,27272.16992,27064.21094,27094.78906,27094.78906,212360000
2019-09-20,27102.17969,27194.75,26926.67969,26935.07031,26935.07031,497640000
2019-09-23,26851.44922,27011.07031,26831.33984,26949.99023,26949.99023,204240000
2019-09-24,27034.07031,27079.67969,26704.96094,26807.76953,26807.76953,301750000
2019-09-25,26866.71094,27016.56055,26755.85938,26970.71094,26970.71094,237220000
2019-09-26,27004.10938,27015.07031,26803.83984,26891.11914,26891.11914,229180000
2019-09-27,26987.25977,27012.53906,26715.82031,26820.25,26820.25,217780000
2019-09-30,26852.33008,26998.85938,26852.33008,26916.83008,26916.83008,222680000
2019-10-01,26962.53906,27046.21094,26562.2207,26573.03906,26573.03906,260110000
2019-10-02,26425.85938,26438.03906,25974.11914,26078.61914,26078.61914,309640000
2019-10-03,26039.01953,26205.19922,25743.46094,26201.03906,26201.03906,241610000
2019-10-04,26271.69922,26590.74023,26271.69922,26573.7207,26573.7207,221310000
2019-10-07,26502.33008,26655.83984,26424.53906,26478.01953,26478.01953,195200000
2019-10-08,26276.58984,26421.81055,26139.80078,26164.03906,26164.03906,244590000
2019-10-09,26308.23047,26424.31055,26249.75,26346.00977,26346.00977,190060000
2019-10-10,26317.34961,26603.31055,26314.50977,26496.66992,26496.66992,217680000
2019-10-11,26694.19922,27013.9707,26694.19922,26816.58984,26816.58984,282080000
2019-10-14,26766.42969,26874.33008,26749.17969,26787.35938,26787.35938,178620000
2019-10-15,26811.19922,27120.10938,26811.19922,27024.80078,27024.80078,245510000
2019-10-16,26972.31055,27058.33984,26943.28906,27001.98047,27001.98047,214660000
2019-10-17,27032.38086,27112.16016,26970.28906,27025.88086,27025.88086,222540000
2019-10-18,27004.49023,27018.25,26770.13086,26770.19922,26770.19922,288970000
2019-10-21,26852.66992,26852.66992,26747.61914,26827.64063,26827.64063,241030000
2019-10-22,26850.42969,26946.64063,26782.60938,26788.09961,26788.09961,265510000
2019-10-23,26835.24023,26896.89063,26745,26833.94922,26833.94922,247680000
2019-10-24,26893.92969,26931.7793,26714.33984,26805.5293,26805.5293,253590000
2019-10-25,26789.60938,27015.36914,26765.67969,26958.06055,26958.06055,274610000
2019-10-28,27040.33008,27167.88086,27028.71094,27090.7207,27090.7207,290770000
2019-10-29,27061.07031,27165.93945,27039.75977,27071.46094,27071.46094,269610000
2019-10-30,27110.71094,27204.35938,26999.64063,27186.68945,27186.68945,231750000
2019-10-31,27188.36914,27188.36914,26918.28906,27046.23047,27046.23047,273830000
2019-11-01,27142.94922,27347.42969,27142.94922,27347.35938,27347.35938,270870000
2019-11-04,27402.06055,27517.58008,27402.06055,27462.10938,27462.10938,273030000
2019-11-05,27500.23047,27560.35938,27453.55078,27492.63086,27492.63086,286350000
2019-11-06,27502.74023,27526.05078,27407.81055,27492.56055,27492.56055,237910000
2019-11-07,27590.16016,27774.66992,27590.16016,27674.80078,27674.80078,259020000
2019-11-08,27686.19922,27694.94922,27578.9707,27681.24023,27681.24023,221440000
2019-11-11,27580.66016,27714.39063,27517.66992,27691.49023,27691.49023,202350000
2019-11-12,27701.58984,27770.85938,27635.32031,27691.49023,27691.49023,213670000
2019-11-13,27622.03906,27806.40039,27587.19922,27783.58984,27783.58984,278390000
2019-11-14,27757.19922,27800.71094,27676.9707,27781.96094,27781.96094,303970000
2019-11-15,27843.53906,28004.89063,27843.53906,28004.89063,28004.89063,283720000
2019-11-18,27993.2207,28040.9707,27969.24023,28036.2207,28036.2207,252320000
2019-11-19,28079.75977,28090.21094,27894.51953,27934.01953,27934.01953,245890000
2019-11-20,27879.55078,27897.2793,27675.2793,27821.08984,27821.08984,258140000
2019-11-21,27820.2793,27828.33008,27708.33984,27766.28906,27766.28906,232020000
2019-11-22,27831.23047,27898.46094,27773.98047,27875.61914,27875.61914,214780000
2019-11-25,27917.76953,28068.68945,27917.76953,28066.4707,28066.4707,248420000
2019-11-26,28080.75,28146.01953,28042.21094,28121.67969,28121.67969,324050000
2019-11-27,28156.4707,28174.9707,28075.23047,28164,28164,198210000
2019-11-29,28103.16016,28119.50977,28042.5293,28051.41016,28051.41016,120630000
2019-12-02,28109.74023,28109.83984,27782.34961,27783.03906,27783.03906,236610000
2019-12-03,27501.98047,27524.74023,27325.13086,27502.81055,27502.81055,275350000
2019-12-04,27634.63086,27727.44922,27612.08008,27649.7793,27649.7793,218200000
2019-12-05,27736.05078,27745.19922,27562.80078,27677.78906,27677.78906,208600000
2019-12-06,27839.67969,28035.84961,27839.67969,28015.06055,28015.06055,223310000
2019-12-09,27987.05078,28010.41992,27906.14063,27909.59961,27909.59961,217000000
2019-12-10,27900.65039,27949.01953,27804,27881.7207,27881.7207,213250000
2019-12-11,27867.31055,27925.5,27801.80078,27911.30078,27911.30078,213510000
2019-12-12,27898.33984,28224.94922,27859.86914,28132.05078,28132.05078,277740000
2019-12-13,28123.64063,28290.73047,28028.32031,28135.38086,28135.38086,250660000
2019-12-16,28191.66992,28337.49023,28191.66992,28235.89063,28235.89063,286770000
2019-12-17,28221.75,28328.63086,28220.56055,28267.16016,28267.16016,286770000
2019-12-18,28291.43945,28323.25,28239.2793,28239.2793,28239.2793,289890000
2019-12-19,28278.31055,28381.48047,28278.24023,28376.96094,28376.96094,262570000
2019-12-20,28608.64063,28608.64063,28445.59961,28455.08984,28455.08984,603780000
2019-12-23,28491.7793,28582.49023,28491.7793,28551.5293,28551.5293,223530000
2019-12-24,28572.57031,28576.80078,28503.21094,28515.44922,28515.44922,86150000
2019-12-26,28539.46094,28624.09961,28535.15039,28621.39063,28621.39063,155970000
2019-12-27,28675.33984,28701.66016,28608.98047,28645.25977,28645.25977,182280000
2019-12-30,28654.75977,28664.68945,28428.98047,28462.14063,28462.14063,181600000
2019-12-31,28414.64063,28547.34961,28376.49023,28538.43945,28538.43945,193340000
2020-01-02,28638.9707,28872.80078,28627.76953,28868.80078,28868.80078,251820000
2020-01-03,28553.33008,28716.31055,28500.35938,28634.88086,28634.88086,239590000
2020-01-06,28465.5,28708.01953,28418.63086,28703.38086,28703.38086,252760000
2020-01-07,28639.17969,28685.5,28565.2793,28583.67969,28583.67969,258900000
2020-01-08,28556.14063,28866.17969,28522.50977,28745.08984,28745.08984,291750000
2020-01-09,28851.9707,28988.00977,28844.31055,28956.90039,28956.90039,275060000
2020-01-10,28977.51953,29009.07031,28789.09961,28823.76953,28823.76953,237830000
2020-01-13,28869.00977,28909.91016,28819.42969,28907.05078,28907.05078,249830000
2020-01-14,28895.5,29054.16016,28872.26953,28939.66992,28939.66992,287440000
2020-01-15,28901.80078,29127.58984,28897.34961,29030.2207,29030.2207,260270000
2020-01-16,29131.94922,29300.32031,29131.94922,29297.64063,29297.64063,252110000
2020-01-17,29313.31055,29373.61914,29289.91016,29348.09961,29348.09961,321820000
2020-01-21,29269.05078,29341.21094,29146.4707,29196.03906,29196.03906,320640000
2020-01-22,29263.63086,29320.19922,29172.25977,29186.26953,29186.26953,283440000
2020-01-23,29111.01953,29190.4707,28966.98047,29160.08984,29160.08984,307060000
2020-01-24,29230.39063,29288.78906,28843.31055,28989.73047,28989.73047,380010000
2020-01-27,28542.49023,28671.78906,28440.4707,28535.80078,28535.80078,337270000
2020-01-28,28594.2793,28823.23047,28575.75,28722.84961,28722.84961,330140000
2020-01-29,28820.5293,28944.24023,28728.18945,28734.44922,28734.44922,302290000
2020-01-30,28640.16016,28879.71094,28489.75977,28859.43945,28859.43945,326850000
2020-01-31,28813.03906,28813.03906,28169.5293,28256.0293,28256.0293,403890000
2020-02-03,28319.65039,28630.39063,28319.65039,28399.81055,28399.81055,307910000
2020-02-04,28696.74023,28904.88086,28696.74023,28807.63086,28807.63086,332750000
2020-02-05,29048.73047,29308.89063,29000.84961,29290.84961,29290.84961,357540000
2020-02-06,29388.58008,29408.05078,29246.92969,29379.76953,29379.76953,263700000
2020-02-07,29286.91992,29286.91992,29056.98047,29102.50977,29102.50977,252860000
2020-02-10,28995.66016,29278.07031,28995.66016,29276.82031,29276.82031,250510000
2020-02-11,29390.71094,29415.39063,29210.4707,29276.33984,29276.33984,279540000
2020-02-12,29406.75,29568.57031,29406.75,29551.41992,29551.41992,309530000
2020-02-13,29436.0293,29535.40039,29345.92969,29423.31055,29423.31055,291150000
2020-02-14,29440.4707,29463.03906,29283.17969,29398.08008,29398.08008,231000000
2020-02-18,29282.7793,29330.16016,29116.81055,29232.18945,29232.18945,256600000
2020-02-19,29312.69922,29409.08984,29274.38086,29348.0293,29348.0293,240640000
2020-02-20,29296.25,29368.44922,28959.65039,29219.98047,29219.98047,287780000
2020-02-21,29146.5293,29146.5293,28892.69922,28992.41016,28992.41016,311210000
2020-02-24,28402.92969,28402.92969,27912.43945,27960.80078,27960.80078,452580000
2020-02-25,28037.65039,28149.19922,26997.61914,27081.35938,27081.35938,513270000
2020-02-26,27159.46094,27542.7793,26890.9707,26957.58984,26957.58984,472450000
2020-02-27,26526,26775.31055,25752.82031,25766.64063,25766.64063,664980000
2020-02-28,25270.83008,25494.24023,24681.00977,25409.35938,25409.35938,915990000
2020-03-02,25590.50977,26706.16992,25391.96094,26703.32031,26703.32031,637200000
2020-03-03,26762.4707,27084.58984,25706.2793,25917.41016,25917.41016,647080000
2020-03-04,26383.67969,27102.33984,26286.31055,27090.85938,27090.85938,457590000
2020-03-05,26671.91992,26671.91992,25943.33008,26121.2793,26121.2793,477370000
2020-03-06,25457.21094,25994.38086,25226.61914,25864.7793,25864.7793,599780000
2020-03-09,24992.35938,24992.35938,23706.07031,23851.01953,23851.01953,750430000
2020-03-10,24453,25020.99023,23690.33984,25018.16016,25018.16016,654860000
2020-03-11,24604.63086,24604.63086,23328.32031,23553.2207,23553.2207,663960000
2020-03-12,22184.71094,22837.94922,21154.46094,21200.61914,21200.61914,908260000
2020-03-13,21973.82031,23189.75977,21285.36914,23185.61914,23185.61914,843080000
2020-03-16,20917.5293,21768.2793,20116.46094,20188.51953,20188.51953,770130000
2020-03-17,20487.05078,21379.34961,19882.25977,21237.38086,21237.38086,793060000
2020-03-18,20188.68945,20489.33008,18917.46094,19898.91992,19898.91992,871360000
2020-03-19,19830.00977,20442.63086,19177.13086,20087.18945,20087.18945,780300000
2020-03-20,20253.15039,20531.25977,19094.26953,19173.98047,19173.98047,872290000
2020-03-23,19028.35938,19121.00977,18213.65039,18591.92969,18591.92969,787970000
2020-03-24,19722.18945,20737.69922,19649.25,20704.91016,20704.91016,799340000
2020-03-25,21050.33984,22019.92969,20538.33984,21200.55078,21200.55078,796320000
2020-03-26,21468.38086,22595.06055,21427.09961,22552.16992,22552.16992,705180000
2020-03-27,21898.4707,22327.57031,21469.26953,21636.7793,21636.7793,588830000
2020-03-30,21678.2207,22378.08984,21522.08008,22327.48047,22327.48047,545540000
2020-03-31,22208.41992,22480.36914,21852.08008,21917.16016,21917.16016,571210000
2020-04-01,21227.38086,21487.24023,20784.42969,20943.50977,20943.50977,506680000
2020-04-02,20819.46094,21477.76953,20735.01953,21413.43945,21413.43945,529540000
2020-04-03,21285.92969,21447.81055,20863.08984,21052.5293,21052.5293,450010000
2020-04-06,21693.63086,22783.44922,21693.63086,22679.99023,22679.99023,610760000
2020-04-07,23537.43945,23617.24023,22634.44922,22653.85938,22653.85938,594660000
2020-04-08,22893.4707,23513.40039,22682.99023,23433.57031,23433.57031,472740000
2020-04-09,23690.66016,24008.99023,23504.08984,23719.36914,23719.36914,566400000
2020-04-13,23698.92969,23698.92969,23095.34961,23390.76953,23390.76953,394320000
2020-04-14,23690.57031,24040.58008,23683.43945,23949.75977,23949.75977,485910000
2020-04-15,23600.7207,23649.7207,23233.32031,23504.34961,23504.34961,437630000
2020-04-16,23543.66016,23598.08008,23211.38086,23537.67969,23537.67969,471050000
2020-04-17,23817.15039,24264.21094,23817.15039,24242.49023,24242.49023,525950000
2020-04-20,24095.09961,24108.68945,23627.18945,23650.43945,23650.43945,423410000
2020-04-21,23365.25,23365.25,22941.88086,23018.88086,23018.88086,485140000
2020-04-22,23437.33984,23613.09961,23339.59961,23475.82031,23475.82031,352880000
2020-04-23,23543.08984,23885.35938,23483.34961,23515.25977,23515.25977,389290000
2020-04-24,23628.24023,23826,23417.67969,23775.26953,23775.26953,376020000
2020-04-27,23866.15039,24207.65039,23840.60938,24133.7793,24133.7793,389390000
2020-04-28,24357.16992,24512.24023,24031.19922,24101.55078,24101.55078,400250000
2020-04-29,24490.36914,24764.76953,24453.99023,24633.85938,24633.85938,455290000
2020-04-30,24585.57031,24585.57031,24186.90039,24345.7207,24345.7207,478280000
2020-05-01,24120.7793,24120.7793,23645.30078,23723.68945,23723.68945,418160000
2020-05-04,23581.55078,23769.56055,23361.16016,23749.75977,23749.75977,355360000
2020-05-05,23958.88086,24169.7207,23868.91016,23883.08984,23883.08984,369710000
2020-05-06,23978.88086,24054.58984,23661.14063,23664.64063,23664.64063,377450000
2020-05-07,23837.21094,24094.61914,23834.39063,23875.89063,23875.89063,369890000
2020-05-08,24107.82031,24349.90039,24107.05078,24331.32031,24331.32031,335760000
2020-05-11,24256.44922,24366.21094,24070.2207,24221.99023,24221.99023,352400000
2020-05-12,24292.83984,24382.08984,23761.58008,23764.7793,23764.7793,359480000
2020-05-13,23702.16016,23708.90039,23067.64063,23247.9707,23247.9707,469950000
2020-05-14,23049.06055,23630.85938,22789.61914,23625.33984,23625.33984,472700000
2020-05-15,23454.83008,23730.08008,23354.15039,23685.41992,23685.41992,491510000
2020-05-18,24059.98047,24708.53906,24059.98047,24597.36914,24597.36914,484190000
2020-05-19,24577.48047,24599.5,24202.96094,24206.85938,24206.85938,374100000
2020-05-20,24455.93945,24649.48047,24455.93945,24575.90039,24575.90039,366510000
2020-05-21,24564.26953,24718.46094,24370.88086,24474.11914,24474.11914,346770000
2020-05-22,24461.98047,24481.64063,24294.07031,24465.16016,24465.16016,255660000
2020-05-26,24781.83984,25176.41992,24781.83984,24995.10938,24995.10938,424380000
2020-05-27,25298.63086,25551.56055,25009.86914,25548.26953,25548.26953,411230000
2020-05-28,25697.35938,25758.78906,25358.73047,25400.64063,25400.64063,377800000
2020-05-29,25324.15039,25482.80078,25031.66992,25383.10938,25383.10938,527620000
2020-06-01,25342.99023,25508.83008,25220.66016,25475.01953,25475.01953,338310000
2020-06-02,25582.51953,25743.13086,25523.74023,25742.65039,25742.65039,352610000
2020-06-03,25906.88086,26337.75,25906.88086,26269.89063,26269.89063,398790000
2020-06-04,26226.49023,26384.09961,26082.31055,26281.82031,26281.82031,372190000
2020-06-05,26836.80078,27338.30078,26836.80078,27110.98047,27110.98047,542310000
2020-06-08,27232.92969,27580.21094,27232.48047,27572.43945,27572.43945,430200000
2020-06-09,27447.36914,27447.36914,27151.06055,27272.30078,27272.30078,381430000
2020-06-10,27251.89063,27355.2207,26938.05078,26989.99023,26989.99023,448930000
2020-06-11,26282.50977,26294.08008,25082.7207,25128.16992,25128.16992,647780000
2020-06-12,25659.41992,25965.55078,25078.41016,25605.53906,25605.53906,514440000
2020-06-15,25270.39063,25891.58008,24843.17969,25763.16016,25763.16016,461230000
2020-06-16,26326.67969,26611.0293,25811.69922,26289.98047,26289.98047,489500000
2020-06-17,26330.51953,26400.07031,26068.41016,26119.60938,26119.60938,328830000
2020-06-18,26016.44922,26154.19922,25848.5293,26080.09961,26080.09961,328390000
2020-06-19,26213.09961,26451.43945,25759.66016,25871.46094,25871.46094,669390000
2020-06-22,25865.08008,26059.81055,25667.67969,26024.96094,26024.96094,351780000
2020-06-23,26159.39063,26314.9707,26105.9707,26156.09961,26156.09961,389980000
2020-06-24,25992.96094,25992.96094,25296.73047,25445.93945,25445.93945,450120000
2020-06-25,25365.2207,25769.60938,25209.78906,25745.59961,25745.59961,384560000
2020-06-26,25641.68945,25641.68945,24971.0293,25015.55078,25015.55078,640860000
2020-06-29,25152.44922,25601.15039,25096.16016,25595.80078,25595.80078,378070000
2020-06-30,25512.42969,25905.38086,25475.14063,25812.88086,25812.88086,410780000
2020-07-01,25879.38086,26019.31055,25713.60938,25734.9707,25734.9707,373180000
2020-07-02,25936.44922,26204.41016,25778.11914,25827.35938,25827.35938,349130000
2020-07-06,25996.08008,26297.5293,25996.08008,26287.0293,26287.0293,340690000
2020-07-07,26172.00977,26174.92969,25866.58008,25890.17969,25890.17969,346820000
2020-07-08,25950.06055,26109.49023,25816.25,26067.2793,26067.2793,337300000
2020-07-09,26094.91992,26103.2793,25523.50977,25706.08984,25706.08984,387610000
2020-07-10,25690.34961,26101.32031,25637.5,26075.30078,26075.30078,338170000